EmployeeID,Name,Age,Department,Salary
1,Alice,25.0,HR,50000.0
2,Bob,33.333333333333336,Finance,60000.0
3,Charlie,30.0,,70000.0
4,,45.0,IT,65000.0
5,Eve,33.333333333333336,HR,80000.0
