{
    "minmax_scaler": {
        "min_": [
            25.0,
            40000.0,
            1.0
        ],
        "max_": [
            85.453125,
            102421.875,
            8.5
        ]
    },
    "robust_scaler": {
        "center_": [
            36.5,
            70437.5,
            3.0
        ],
        "scale_": [
            22.78125,
            16468.75,
            2.5
        ]
    },
    "maxabs_scaler": {
        "max_abs_": [
            85.453125,
            102421.875,
            8.5
        ]
    },
    "imputer": {
        "statistics_": [
            53.375,
            70875.0,
            113.66666666666667
        ]
    }
}